client_id,ClientID
838,d34f9cab-5d14-469f-aa80-c0146f3b93c7
857,d9b374f9-8cec-4ae7-9137-c1d930d0aae0
451,72855e63-d98e-42e9-a10f-d9e4fac6e82f
245,3fcb2796-9692-4fcf-affb-0100d9a74ae1
313,50b21cc8-6f68-45c5-9b75-335ef55b41b2
72,1149c70b-e75d-4398-a784-ff40152810db
142,20dea61b-c087-482c-9a71-2def299ed020
244,3faa9f83-0a50-4657-96cc-401944b5708c
809,cd0594c6-c289-4fd6-92ad-495772743f5a
419,6bed1a9f-2ee0-402e-8907-9fad020e36f7
55,0c2cab59-6989-4832-aa97-84c398e67a5d
480,79eb32ae-12ca-4009-b8ec-b558d039caf8
29,073fdfca-a8df-4e28-ae42-460761586770
683,ae2fe7cd-0387-4e2b-abb6-9e6bce679b74
545,88dcb53d-58ba-4746-b942-91d07190a03c
678,ad388d2e-a57a-4a60-b1d1-4fd15d27b74c
129,1eedf4f2-9789-46f7-84ea-4329dc9ea314
940,ef5c5f75-5404-4191-800f-a2bc3dac7412
569,8ff58ece-b7ce-49fc-871d-be7f8ce6153b
295,4d9c9411-36aa-473d-8fee-308a0442f836
221,3aba6036-972f-4f80-a101-962b2c5cbd18
444,704ff9b0-05e2-4736-9018-810b5444a86c
562,8eb4f315-9cde-4c7b-9a26-669447dadd4b
204,379871e9-0b5e-4484-9250-103d06c0fb4a
341,5717143e-d6a4-4087-9360-9e0e9dfa1cb2
458,749a31d6-501c-4f88-91b6-9173bbf2f385
255,422d18c5-601c-438b-9cb7-d867811c46f0
494,7cc46636-a0d2-4dba-a382-c78cf6fdd85c
60,0d37a8b7-9d93-4380-ab53-0fa29805b746
58,0d284237-716e-4bc3-8c57-aeba0f5ce1cb
606,99f222df-6333-4160-8b47-ebddf0263b1e
869,dc5ed7fa-d003-4fe0-bf86-a4a2734771b8
121,1d2914a6-bd00-483d-ba2a-dfc01390e2b2
177,2e94f90e-11eb-4269-a340-6322cc7bb1d2
312,50994b1a-da3c-45ed-9ef1-63e11ce2e708
339,56cc76cb-ab9d-457f-999f-6c10a06586f9
326,5418c3dd-ebc2-484e-bcf7-d1dd4e5ff311
963,f82e0f8a-ff33-467a-9535-78ebdefbe487
498,7e619fb9-4901-49af-9c63-f6f0302ecc1a
563,8ec2227f-3cc9-4e62-a9c2-b38561baf3c3
515,823daf4c-1241-4f6d-b94e-b2d388aadde8
886,e13e0a16-8e44-4f54-b26c-e2751060b248
746,be3cfe27-76ed-4719-a1ae-ed52b6d99a25
752,c00eb067-ee27-4770-8e34-1747cfa7f0c8
948,f2b62be6-688a-4dd6-b273-a037b1de4287
646,a60b56ce-8473-4f7e-9f46-0bc90e60bdbf
973,fb1b0bc6-1934-4163-bcd0-e8e21a29753f
990,fe3c1b29-0d79-40e6-9204-adeeb72c09c0
127,1edd2555-ca1b-4031-bc32-bc1fb5ea10f5
44,097af542-98c6-41b3-92d1-4c67247903aa
215,39cb03cc-12f5-4905-96e6-9cc9dd5c341a
180,2f242b8b-db94-409e-83a0-a37ad497eaa5
846,d5990e05-9171-4788-bb0f-47440d4716a7
982,fc6d592b-248a-4fe8-9bc4-62d0042a48fb
267,4636f901-d666-4c58-b9cf-8e906f4d3750
263,44dcc88d-26f2-478b-8911-60a550dbc412
652,a7c9afa8-65c6-409f-9c56-a5e932ecb61f
822,d0312781-dd1a-441e-9014-31b36ce7003b
314,5121dfad-3a32-4d3a-8a78-1d7799fea78b
849,d5e496c4-2d86-42a9-9933-c2c7ddc264d5
988,fdca66e3-a74d-4212-89cb-7f092134cf30
733,bab9b7ed-319a-4680-86ea-c94320bd9184
759,c148da65-5ecd-42e2-91a8-11cf4389bf2f
536,86a63c99-de8a-4a29-b050-c4be3875f9e3
337,567936c5-0059-43fc-92c1-29e0f4779865
50,0bb5f02b-7ead-4efd-aeaf-7675fcf5d513
567,8fa9748c-89fb-4474-99cc-4eadf4af7189
291,4d1795a7-4b9b-4539-9a46-e4e05fbdb141
938,ef11ab8e-1cea-4cbb-90d6-fa01bcc3078e
259,4319740d-30aa-40d5-a7ab-690a4dc927b9
580,927a200d-9f25-480f-8f0a-e8528be0071c
213,394dc6ed-5838-4b2b-b421-63ee8cbcf333
540,87c56d0e-083c-4169-b776-82b0ef4aa2e0
912,e885c02c-bee9-40df-8da1-ec76a9510e86
614,9bffa1c0-2ed9-48c1-8903-0ae2ae360475
363,5e12a607-34eb-44e3-a79f-9ea48fa79ad3
166,2baab36b-5ab4-4062-a39e-511ed8274090
5,01642ae7-3c43-4d69-800e-f98a06df4bfd
676,acb4f0a3-b990-441f-9e49-976ffe730dca
335,55f15299-8363-4009-905c-ed0597e17746
402,69618f91-c7f3-4792-8f7e-955ca456f3d0
550,899550ca-450b-40eb-9e45-77580dff36b1
603,992a6868-b93d-462d-af3d-659a679b1764
306,50097f33-8f11-4d06-a489-f798cbae9577
332,55bcd8d4-b389-4f78-bacf-ae2ca5a1b44b
368,5ed4900d-3b25-4e13-8987-91fd7b17fc3e
682,ae1c561e-0388-4275-b156-460c3cfbb1a0
585,933d0042-3774-4282-87b5-76b12dc7fe2a
775,c721ac00-474f-437a-b69a-96e80e6f9c72
783,c88a243c-318b-4005-a8ca-8d290dfb2c85
393,65e4d56c-7ea2-4f08-98d0-a5c584e3c906
281,4a95fc38-cf7f-458a-8c4f-7834627073f8
301,4f950692-a56d-44ef-82fe-25267c2b5ca4
729,b9926d0e-0d42-43b8-a631-fa792b429293
99,1736e302-3117-49b7-94ae-41e5fa306c51
579,9232060b-8cad-41f8-ad88-a90065d1f7f2
780,c7a79434-85dd-4d7a-8ef0-dac2d0fd3d41
160,292d62e6-2ae3-4d40-9077-14cf277c6eaa
668,aab1f3c7-60f5-4998-995e-dafaa2eb5395
307,507b1c6d-7c62-421d-961b-057a66f166d7
557,8c4db733-52c0-41b0-b5c1-30c7ebff71ae
191,32c70cb1-4c0f-4170-a77c-165c784606da
162,2a445029-a8ab-44e4-acd4-d5cd39b11f53
636,a355bb60-66c1-4b48-a741-0d7791c76ebe
880,df490f6d-17a4-4472-8daf-61d65c079e90
686,aece13a6-a51e-48fd-8a05-d111664fe23c
96,167819ff-4378-4287-865e-2524d39bf2e1
181,2fda522d-bac9-4f0f-814f-8ce3891911b8
322,532f4bd7-9526-47f4-885c-e9258307c0ed
453,72e32a90-d57e-4dd4-86ce-790a46e8d4a7
790,ca33c5cd-00bf-4135-a272-69215ed4da76
530,85424868-26d7-4dbe-82bc-76f724a6e60e
372,5f4d85ef-9378-492a-a557-f1762ac5691f
176,2e8b5969-0157-4455-b748-a96e2924416a
830,d0e83f2c-edb3-4d82-b052-f63c2b352d60
937,eeadb895-7520-49d7-9e06-a83e991a47b3
547,892376b7-7f32-47d1-a1a1-e2aa4903a753
592,95e0b2c5-f7a0-4e67-bacf-7ca1a61fc254
344,5958ddf2-85fd-4495-8881-43d14af8881f
270,4702190d-5d30-4faf-8c84-5c0e3a01c5bd
695,b1865d23-f7db-4895-b2d4-bdf5a152178c
404,698d50cc-f1f2-4e98-afd3-7e298197eb3d
467,76ad52fe-f463-466b-89d1-ab91c00b0d40
893,e3164c40-18b8-46b1-8963-90d195dc9769
714,b647850b-558d-4e8e-8b61-0f59b4d7e82b
631,a1f2d93a-0d0a-4fbf-9ec4-b5b35a70661c
723,b8247f54-4a8a-4422-85cb-522032338bff
194,338d8b29-5dc9-4197-9d99-54abb7e0abdd
211,3930606b-0a64-4909-bba0-12c6e390b2b6
673,abac1b85-2843-405a-b79c-1a8b574f80f7
812,ce0a907f-d3dd-41ea-8e63-4ad148a4e574
500,7ebd5674-e6ee-4d54-91a3-d64f4645e4a2
848,d5c4a04c-6560-4f4f-84e8-94efdb802968
330,5575965c-6e9f-4c9e-9380-ce734c6e18b5
232,3d0378eb-d96c-46db-96d6-59b0da1b8b44
735,bb528f2f-8e4a-4568-9550-47cd65968ba1
223,3b17fd9e-5fc7-4baa-a847-5bd4bad93d17
979,fc53115b-36e2-4eed-8c60-41f9ef1c158d
396,66281a6d-3257-47d1-9c29-a4a0420da33c
924,eb4818e7-d9a1-4ccd-9d9a-ed2621cb16d0
460,75035676-898e-4547-82a6-013cb050b6ed
836,d1cc77b1-30a6-45bd-ba56-ab7e8118b87b
724,b909bcf4-beb0-4482-b498-7a75d9f7cbea
769,c5143dbb-128a-4247-b191-ff179f430f7b
553,8a586c4f-d7b6-4640-ba4d-b7613d8dfcad
298,4f1c0022-f8c8-42cc-8143-3ff2ae50de2d
226,3bad372c-8df7-4db2-a850-ab2cabcf107a
17,047aa0be-dc0b-4a80-9d90-fa1adfaf955a
950,f354056a-3a82-4cb3-a63e-df234519fd11
347,5a19d0fd-04ef-4b29-ae5f-acf178d22d74
865,db4cd24e-874e-472f-9df8-9a037612c4b2
150,2576a8c2-2fb9-4f8e-ae23-38ec13a4c903
388,64821078-695e-4d14-b879-858b2223089c
863,dacb727d-4a65-4427-b7ad-09a68242a88d
841,d3a78f43-b8b4-4117-b381-0c2931a30e08
266,4553decf-cc30-4be3-b521-0399b647c023
101,179fceb5-b258-439b-a01a-1aec5e53f56c
674,ac87b918-7106-4353-b4ef-0f0adba78325
153,26957a84-d50e-44ce-8c5b-f031e4ab529a
877,dea4629f-da9a-4fa4-92df-10ba75def735
761,c1f8e522-6db3-4904-8896-6db7791d1db8
815,ce8e8225-3f58-41fe-a331-8cbf7113bbbc
257,427f4e6a-9c82-44e9-9c12-f1ead35c7fd1
560,8e47d7d6-9ec9-4828-9642-9efa3c2e50d6
252,410f7019-5a66-4fd6-8c7b-3ec50c1408f5
366,5ebd9bb4-b84f-44f3-97e3-ff5476f5b08d
858,d9ea86da-8860-42ba-b58d-42f2c9d9dab9
370,5f4047c1-4c27-4f7a-a0cb-208f0f594f23
509,8155600a-6f28-4bcd-bbf7-d0d3bbdae5a1
749,bec87da6-ce66-4225-bfd4-67ee54d195b0
54,0c05d221-9810-431b-8bd8-ed511ce5a69c
271,47633d56-2e53-4c51-8238-d8f6dd2b660d
577,910d9481-a3ff-497b-ab89-45f6a412bb3c
576,90f0f44a-d688-44d4-9278-9fc9844ae0c4
808,ccdbbb71-d844-403c-8df7-9eb8b9f99bef
214,398191de-f3d4-49ed-a732-320e2c1f502b
247,40a9e315-f94b-42f8-9c8e-ef989f4c9ad2
513,81e87a0a-a688-40a2-8abc-16b13f69758e
254,42027a1d-4e70-47c4-909e-d806cfa84b61
40,08cce0c8-48f0-4dd4-8165-34c5961c4062
201,35ee1c44-8bb1-421f-a742-f3d62a480994
772,c63ba2db-1b4d-4d56-8477-2c7b7fa67b4e
885,e11b776d-d96e-4419-80d9-79f77c7dd36f
401,6834fc6f-40f9-4945-8619-b4491afe9062
399,66e9d949-3c14-4595-9a36-f124bfa9d35a
607,9a0b71df-9d59-4fae-9294-1d8075e439ab
378,609f8234-efac-4a39-a86f-a5bc2de4ee4a
564,8f102c46-1f4a-4d0f-925e-17b4076249b8
873,dd2cd820-1a4d-4089-b2a2-6aa4865a27be
874,ddeac556-0052-4557-8e1d-faf95c1d598c
684,ae3d4f78-81fa-48d3-8197-c550f78b7070
851,d67cdad9-19a8-47a8-812e-cf9e179e1c95
840,d38cab2c-2078-422a-8a8d-381b991a4de9
929,ecfda918-6425-467c-9860-b5dcbb4684da
913,e8a271e3-91e0-422f-af6a-1b1746f219a9
380,61e9f38b-4542-488f-92dd-dcb33e517166
69,108c5ee9-0ded-453a-8b7e-b2ff7203a20c
45,09da6cc8-ac5e-4a3f-900e-a03a82444dea
793,ca48371e-efc2-4bec-9913-ef333b73cc84
210,390a0b2d-9f40-442b-af89-d229406074a8
915,e8f08680-b1b6-444c-a012-63b9e4a65590
303,4fc3ecc7-5277-4468-8035-3906e37dc7f7
930,ed580e89-e006-403e-9c71-7f540cf0a3ed
89,15a37808-5775-4eae-bd4c-0b8029d30814
571,905280d7-6f02-4c6c-a961-4bcf29722c7f
395,6604966c-ee6d-497a-ac2c-bacacee304db
253,41603a2b-dc1a-4011-b8de-b9e2ed20eef0
493,7caa4221-bdff-4563-b4c8-60f4203e8082
293,4d61a8c2-c3eb-43c7-a25d-aca5565976f5
484,7a90cae9-0140-432d-a7b7-e7dde807464b
596,96c65a8e-f955-46db-9505-831db18d0923
353,5bd4b42a-4163-4c4a-9b73-66669867dcbf
539,878a6580-0e63-45a0-98ac-a36aa6494c62
804,cc9388d5-a1c1-435b-bfc4-d8d45254cbcb
821,d02093f9-30e3-43f7-818e-3e8f2e9875cb
844,d4e01e1e-0fd7-466e-a0dd-3c38cb59a591
373,5fb6e6c4-310e-4c94-8ed4-6ec549cef302
866,db5387e2-762b-438a-89e2-b8619114c558
32,07980602-3009-4d0d-a945-1fa71d68f6da
427,6d9e42f5-247b-4749-9ba8-2b4a30845f3a
828,d0cda05f-e81e-4065-aafc-2240cde97978
999,ffbf04f0-788e-455c-b68b-f54b9b533f10
543,889127bd-24ae-4157-a494-fdae0d5008dd
742,bd465936-fe8f-43df-8fb1-0d7aac563ffd
250,40dc7338-cce2-4202-a482-7afaa262bac2
369,5f379e12-8e7b-42cc-b27d-1ba90ae2d5f6
0,0040112f-f930-4425-8fe2-cf2f1db99528
278,496c02a0-51cd-4822-9790-8650f0af7960
133,1f97f6ef-1491-4469-bced-57e2110c3af9
143,210fcddb-1f73-4cbc-9505-6a3c73cfcb57
926,ec54bdba-e04e-4525-9b93-bbc3aba1c5c1
613,9b4da32a-e918-43dd-a849-46ec224d0027
391,656559f9-b91e-4b85-86bd-c8fb7ef66b90
620,9e60d12e-17ab-463c-9ce4-66fdad916a02
152,2644a04c-0ee9-4bf9-90d5-fe65488c131a
952,f3cf1a85-ee97-4771-b9ac-c2a4941c583d
902,e510aca1-547c-4d0e-bafd-f3d5f94dd288
376,6098f022-0c1b-4965-8862-5eb6a8ca68c8
128,1ede2c66-b437-4825-82ed-492d024ebcd1
104,18eae915-a909-4eca-8fd8-b7d967802d10
222,3ad46f95-6081-4ac3-a535-9bebea6265a5
497,7e3c0751-1690-40c2-92b4-5664201a10cb
687,af099556-2945-4dc1-9b09-e899d1bac175
470,7712a8f2-4106-44f9-b161-493d8f50f13b
956,f5273845-bd19-4765-997e-ad2d65a9dc1e
693,b0d82d05-e407-4961-894e-95676964c6bc
53,0c0299a6-6620-411d-8e88-11c097e2ddf1
663,aa451704-7999-41a8-a674-37bd6aa50039
374,60334b05-8bc1-4662-8fbc-6959deacb176
365,5ea285fe-a440-4439-aabf-d71fc040ae46
130,1f084099-33c1-421f-a7e3-bd77b35cf8e9
235,3e07bfb4-ec61-41c7-87a4-30a51feb855d
871,dcdca955-6941-4838-bd8a-0b79a3d731a1
570,9004379f-fb94-4405-90b3-2c81d338cfb0
233,3d0f5960-026d-4b24-bb41-b31fdd7d68d0
443,70213f39-2b33-4f30-85af-710a3a774764
277,493007b5-6483-46d1-889a-f0c451ca1eb1
319,528f8882-92d5-4975-8c55-7239357fc8cd
888,e1d00191-00af-433d-ab73-b1c167a252cc
943,effc6479-64c8-4b72-a350-e944bb890d4c
521,83a2806a-75b0-4f2e-87ac-3a83a14e0521
587,93ffdce4-ff7e-4802-9621-a315a8c32a61
149,24d17489-4d0c-4083-bf1a-863db2da2446
814,ce7f88c9-dad2-4ad4-a8bb-983e38d0af87
9,01ef2080-1ee5-459c-b690-f34c3989e2f2
717,b6b1c916-8a6a-474a-b0ff-5c797b2d7f15
260,441dd04d-f7b7-45b0-9904-1cd04dfbd576
514,81fae693-1e21-4831-9439-1ca4df8b6ece
450,7214c71c-3a64-43ce-b0bd-07e88e92e0e6
157,27333794-1359-4df6-9b3a-6014e0ccda2f
740,bc58f784-4257-45cc-8f17-0e804ae455a8
414,6ac8ceef-9f71-43de-a2a7-4ec8106ce6ce
294,4d964893-45e0-4aa8-b088-9397c3bc20cf
504,81027bd6-21b9-497d-923e-86532ae6cf47
795,cadeb21c-1522-4556-9680-d4305e91146f
624,9f941466-6796-48f5-8bf1-e4ebf7c31122
411,6a94f3af-8915-4df2-9f06-cf7ab097bd28
499,7ea9708c-d2a7-4439-8c78-a455296f4fa5
524,83f9bb35-41dc-4a85-b4df-4de351bd2214
394,65f5dc2e-63f9-4917-a24d-ef253e44f0db
807,cccee267-bf51-4267-8707-58255052b521
791,ca422d41-d47f-43f7-bdb0-e2ffccc15082
161,29b604a5-8a21-494b-988e-b6609cc2d387
438,6f06d3b9-533d-4033-b384-c8d20219f1c3
690,b05d3877-b8b3-4f78-a776-aa4eb72b6efe
165,2b948dbc-4001-471a-9850-caea1fcf8aec
638,a3ba6b98-68fe-439a-b510-47bf87ff041f
799,cba1e498-0857-43a9-a995-182e5c8d52a3
4,0151f3de-5d8b-452c-80a4-c5be823a95a5
356,5c9bae88-204c-4089-b8f3-65ce1c98d1fe
448,71a3a952-e55e-4397-9199-0738549c1116
144,21941d54-ed31-4516-a8d1-5ee9a01669cf
83,13f6c1ab-86d9-4b8d-ad25-48659b252ee4
798,cb0f3eda-84cf-4393-a41d-d20990b71387
986,fd80793d-74a4-40bb-95db-b975539a8440
151,26392707-613f-4d2c-849e-91d41444dc4c
300,4f5d0ba8-4f65-4e80-940d-91559ed6a758
198,35d8805c-28ad-4535-87e8-ba2bc996b5c4
697,b23efd36-5c8f-46d0-b595-3fd47410e9fd
432,6e7900de-c1cb-4a6b-aa5d-a8149c336c82
640,a3dbf436-7148-4687-a61a-db766b54a69a
466,7651d9e3-b8c6-43c7-82ec-b335b213c83e
766,c35d55e0-2ede-4991-9add-16ea245e9e6f
910,e7ecd202-a382-4dcb-9b95-5cc34383f83f
299,4f2fcef0-b060-414f-a392-bbe35388a9ee
957,f5eb38c8-8a4d-4754-a7a9-0d9a5f221801
158,27bb2697-e43a-433f-a42d-e2919a229c99
872,dd2ac331-5621-4754-ae88-1b7ce4e85c97
200,35e866a8-d2e6-41b5-963a-7b576e8b6bda
57,0d2795a7-c1b0-4f88-936a-118bfff4a88c
118,1c978814-b045-403b-bc6b-0e1e1c471971
971,faf07a90-85df-478a-8a32-981b0174e97d
308,507eee18-5043-4ea6-812f-e203b81e3008
228,3c6a83d4-93f7-40e9-a8c1-36de1eb15ec6
903,e56d47f8-a881-4bfc-9761-70137cc24b6b
994,ff1768b5-57d2-4fdc-847b-8ccb42a4783e
269,46f07e91-f1b6-4f43-a1a2-923da91eecca
456,744a683f-f5a4-4657-93c8-7a694bf31395
465,7646013f-9b87-4190-8247-9f4713877545
132,1f821398-f491-4b91-bed6-7dce4f915fb4
137,204393e1-f9a5-4467-a690-8253d5c8f96b
934,ee3ad18c-95a2-4ccb-af0a-8b76a46671ea
203,36a3e559-c6c8-46a7-a3a3-118d94942772
95,1677667f-bb52-4c2d-8ed4-26e639d9a9b6
760,c1838d77-33ea-4198-be4f-2885e269e6f1
662,aa1d8aa4-dae1-428a-97bb-297dd06c4dbd
275,48167bcf-7a22-40d1-8a49-d9a84d08e012
523,83c92f44-8205-4a16-813f-601870bba4ca
983,fceb2850-e532-4bd7-8c81-afcc037d58c6
776,c75d6e82-58f8-4c34-a39b-a7c6532a0eb4
621,9e628c96-0143-4a4e-b44d-a635af84972c
566,8f998806-6b9d-401a-b6e9-c0ac191a4495
120,1d1a23c7-7f8e-45c7-8f11-0d36c5b5c6a9
218,3a4e4aea-f891-45b9-a416-7d096bec4e45
297,4e217252-505d-4a0a-8370-4c72d7a26f95
819,cf7230c1-d3a3-4d7c-bd36-39685c4e63a0
847,d5b1cd41-1980-4bef-bee0-1cac6904c721
835,d1931daa-7047-4a3c-8eb7-6bbfa030578d
616,9c4dd6a6-be62-4e48-aa08-a4014e71b4d7
823,d07fa70d-7ba3-488d-81e0-375fc0522d64
653,a86d7ce9-0438-4463-8eb9-6903894489cb
750,bf107530-8182-4a4e-affa-4311cebdc167
578,9215b056-5404-48c9-9eef-8107988206ad
188,31d00752-6ae7-4203-b381-54d81a685f7a
978,fc50a084-358c-459f-b9fc-f17cdc814f86
726,b9292aa7-03ab-44ee-bd4b-9642f14043bb
820,cf973601-fdb7-448d-a4cd-9934c954a817
764,c30c9ca8-6d77-47c5-89da-6fe16b56b841
534,865b1a81-9c7a-46c2-b544-09664f1235a0
533,8656cf62-93ef-4a4c-a800-fb96f21ddbf8
796,caf28c57-d2d0-472f-bf6e-cef6af3712e0
63,0d5f7573-9aaa-4b38-8697-108109138fe4
939,ef562c63-e31d-483b-a3a2-9afaa9c933d2
351,5b514b13-280b-4c58-822e-c0b1b4e513ec
229,3c9da73f-d0eb-493a-9e17-bb1cafcc81f7
454,73364400-be11-4eef-930c-1b2db72f2318
84,1410085f-b5ce-499d-a1cb-457c903d0ad1
672,ab934fff-3cfb-477c-9d40-48022ae8c5bf
633,a28dc3a1-dc5c-46a1-b96f-95f93da80fed
208,38d77de8-bc17-45a9-8d44-71af96f17f5d
207,38ba7b78-46c5-4d39-ba72-6c0dba16ef77
845,d54a3ed3-9b87-44e9-b181-7bb2b6914f9f
37,080cda8b-11d9-4904-9cf3-252b26d946dc
696,b1a4f2f9-6b67-483c-83d8-5e4bab9305e2
824,d08a8a12-e8c7-4213-8c52-d28db5e036e8
778,c797a17d-7e1d-49ad-bca8-24485f4c0d31
284,4b139dc7-5f24-4452-80f9-ebe898fa4c9e
610,9afcb404-2ca7-4a38-a5b6-4f8fbe5278da
806,cccad498-32e4-4d1f-a829-05ff5d916a11
219,3a819bbe-b718-4661-b90f-d35d1dccccfc
457,74771888-3356-410a-8d73-3c0bfb88eff4
955,f445f7dc-b6ba-450a-aa8a-d9df6d7d71b5
582,92c47132-6446-4f98-8602-a182e12f2555
508,81451656-d46a-41d8-8cd0-3d9f823559fd
46,0a415698-3a8e-445d-8d71-95418353ac9d
117,1c807025-6351-47ab-98dc-ad4c17ce1d42
392,657e9501-ba86-4e7e-942c-3318fc1c863e
520,83a0271e-aee1-440d-a1da-f11c45fa8ee4
968,f9e8a584-4198-4fed-8758-7e963c3e0e8a
608,9a0f41b3-3b87-4923-8a7a-5b824138dc0b
61,0d4133f6-635d-4672-bcf9-857a3ced91ff
770,c531bea2-fc6f-4bf8-9af5-3a6063c702b0
655,a8b0d662-31ff-468b-83ce-1069f54a3b71
276,4850241c-9233-4d43-9c28-02852054efb3
79,131015dd-ab39-4592-b945-17f35109e810
879,df2ab93a-9515-412e-acf5-0b2eff565840
185,315194a3-20cc-4536-8b5e-0862e42e2188
710,b5841ea2-6dac-4e51-8bc2-119f7c524c62
296,4dd91aed-e3eb-427f-9104-3f323014521d
64,0de6e687-0a38-4e57-9cef-6f0853cc7ea0
333,55cd41a2-fe7b-4ea4-9be9-1f84133f09c4
212,39358e18-18c1-4bcf-bd31-79368d66d444
972,fb0f4366-dbee-4a29-bfe5-940bc1483857
43,09678716-4584-4e1e-9aea-304cf3d49033
425,6d2a51bb-d05c-42a8-ab47-c49abf98f756
671,ab556f51-fefe-4be7-834a-f97b5e0094b5
998,ffb9881d-cd64-4df2-a0ca-c7fba5650995
942,ef9e3993-d7d5-4f9d-a8d5-04bdf8145514
803,cc693ec2-0fb0-457c-858c-765edd2f7adc
590,9539598a-f1c6-4b8b-a735-9cd493cdb96a
328,54b1d4c2-5c28-472b-a6c0-a88c4a8159e3
403,6985fa2c-334b-46ed-ad95-821e30466720
187,318c07c2-bc67-441c-9685-5ae8f6cca264
797,cb08236f-cef0-4be3-94f2-bbf5d9ba0725
82,13c8b753-0a4d-4fa3-bc0f-f6a7b32590b3
588,94852754-ecc6-4b62-a700-7ad407f781fd
899,e489c28b-cebb-4fad-85c7-e19e82c4c967
882,dfbd57ca-840a-499d-84fe-e69314413ebc
743,bd4a7842-9e83-4eef-a5af-6a45ce489c1d
542,88845328-7d74-4674-a705-df6dc49a7bd1
622,9f543969-9e60-412e-a023-ba4bdb407bd4
637,a36a1b60-14fb-4d8c-8790-ac4a3744ec09
992,fe977ed5-c8a7-459e-815f-d34e837686ca
88,151af79f-769a-4426-a745-019bd7aa6fc4
485,7ac1e118-00de-4d72-8440-cb8c7db3a24b
189,3266d961-f82e-4743-ad93-37fba2ef3fe4
85,14308377-8b89-4a12-8cfe-13ecc46bb0ec
422,6cba0cc1-825d-4491-a3b9-066ca1f13830
183,302c377e-7c26-4d35-988b-feb0c5d3bb3d
898,e43a516b-4ccd-4b47-a531-de839e199ac5
131,1f5e9b92-6c23-48a8-8fc9-470c0d420a25
331,55a2847d-fce1-4022-9c95-620eb39f9aa6
728,b9478f1e-099b-4123-87d4-3cc3c072fb77
415,6b1a7c70-eea6-468c-a100-ae2ca275cf3b
787,c91397a1-06fa-4eac-87f5-b3401d2ce847
864,db161be1-6ade-4d04-8230-5cf49202c50a
895,e3b7d62d-5192-4e7e-8753-0275d614d3c6
705,b3d4c381-d2ff-4f63-ac09-d15aea808168
993,fefcb022-05df-407e-b6dd-6f4e7ce46785
975,fb592a85-d566-4730-abc9-6fc96a7ad11d
716,b6806935-016f-4acf-b23f-259a45a047d7
243,3f063c10-b4fa-4626-8981-d5419baaf1bf
773,c6722ae2-6e01-4033-9a00-6766f27d6044
837,d20b85d7-2acb-42a3-a6bb-9bb19bb7c39c
23,05d40e38-76d8-4022-af78-b57fd601b8e1
595,96c3faa5-2990-4370-88ca-2bf27e6a898e
16,03e69a75-e5e0-430c-9383-4b3be5d5fee5
196,34b76d60-3334-4005-9d63-f3b637703c7b
583,92c94054-f969-4323-a580-e7ab98aa44ed
273,47c2abc4-bf16-4cb9-b748-d13e79c86f81
280,49ed1b7f-4db8-408f-9f85-36dd4ff6b83d
785,c8e7ac75-b45c-4ff0-9e49-fc537564ffbe
875,de0071d5-e9af-4984-9ca5-76b6103ef706
507,813ce9df-6cb8-4bad-bfc0-489e7d994e83
108,19bbb13b-0dd4-4b5a-a909-593117a23326
911,e840079e-41a5-467e-9eb1-84a98b897879
110,1a0b0259-e661-43d6-af6a-775d9c9c97dd
8,01cbc315-6821-47e3-9d85-39f153f45575
155,26eba3e6-c355-472a-8983-82305b645be6
989,fde42bbc-77d9-4b09-9deb-d4dfb1a6b192
136,2040d5b7-ac64-471b-9280-b453ce2ed9fb
510,819b6734-1c20-4f27-98f4-3fa3b416c2c8
922,eaa922a6-72e3-4771-9bff-80403d372111
33,07a6f3ff-bb3b-44de-a967-4b68624508cc
737,bbf4b73f-16fe-4f98-acef-d22f12d6fb0a
719,b72f19eb-0dd4-4a10-bb5b-fbc4499bd45d
565,8f845e78-3a18-444d-81c6-9e5d20f6f5ec
555,8b681083-4735-4e81-a728-cee0bd032bcb
641,a46a8813-9194-4c79-9632-b46e288a92bf
125,1e5acee4-a7e1-4a99-8a94-61a6bb6afc33
59,0d2de1c8-6402-4c8d-937f-b56fc24b1dc4
156,273090b6-302e-418d-86d6-7cd5aafff148
786,c90a4a7a-8e2c-4d12-94de-58c6739b87f2
283,4af40f47-9b62-4c2a-a0e6-8d7279894d63
240,3e4d4604-688b-48d4-9f38-3cb0bcd40182
429,6dd46ab2-a275-45b7-99c8-1608dc46d12f
35,07eb91c0-7796-46fc-95dd-056670c2031d
962,f78ccd10-7c2e-45d5-bd57-93d396b799d6
931,ed67a664-bb57-484c-9597-cded1e666028
248,40b5556f-a2f9-4c24-b57d-3bff1a08f989
113,1bd1296c-e577-4d6a-bd8c-f3c3c0a6dfe4
145,21be3ca9-d49f-4c99-aac7-5ba73d7c50b5
305,4fe3a5ef-969a-4263-a79e-5d51b942c90a
850,d65b8ab6-f70f-456a-a4de-07679bbf220c
407,69c44ee8-10aa-4b23-92e1-03d75510f1fc
648,a64463d0-1938-4186-890c-374d80fe8a33
251,410d3214-970a-4469-b0d3-54dfff00c012
447,71334fd3-290d-4595-84c4-ecee2b335f70
239,3e36a17f-d072-4a99-b29b-272bfde10a33
437,6ef59729-d0bf-45a5-b8d1-05c8f7f495d7
660,a9cca457-ebc9-421a-a26d-ac5569b1c296
42,0961c44b-6da2-4cf5-a162-684fbc608034
727,b9347385-013c-4e5f-b3da-35544db631c1
361,5d9d56a2-fa07-4cf9-b5b7-49ffa241b977
71,10ca8f6f-c076-4eee-be87-6fa22ad4996c
74,1194a160-cfcb-4de4-ac3c-f92e66c23e21
234,3d787170-923c-4db8-8f37-34fae33e61a7
932,ede7253d-f417-4a56-9cfd-040dbb358f10
656,a8e61b37-7198-4525-9d0a-125d0e634879
479,797a4310-1f24-46b1-b8ca-d989c49544f4
469,76f2613a-7261-4d3e-9dd6-4e233c5d7288
611,9b3b5caa-6ed3-49b1-b790-dd320925746d
732,ba7360f3-17fa-4f24-9c4f-ebc79e7646cb
424,6cd75592-0fb0-4a1f-822c-bfa44f050491
738,bc1810d7-9582-4a55-9385-68ca3d03e8b5
878,debe73a3-8aff-4484-bb08-de0221b56aee
519,82e6f515-8b31-481a-b0f5-bf270282398f
434,6e8f7be6-1e80-4002-8e27-9072174e5d9a
343,58d41f85-45dc-4b07-8ea0-6b989eb2f0e7
6,016c384b-f575-4874-9f5d-cdee8249ced8
408,69d79518-5cc3-424f-a483-9a2f05227fa8
834,d179f483-d0f3-4622-9d6a-5eac4bb5882d
985,fd4fc9ca-a43f-4e83-8868-a855e5848a6b
472,77ea33a3-835d-40da-811e-14b076d1ff5b
390,653994c9-a982-4c75-a39f-fdc2402d02e9
140,20b48cd8-4ea8-4260-983d-5bc6a529ea74
921,ea784699-b243-4db3-9c92-7bbe0d673dd3
159,28bab72c-9ea5-4fd8-a816-0a48e028b3ad
461,75706bec-d778-4e2f-b387-5840a74d6860
598,97516d6e-95d8-48b5-9e3b-d41378a568cc
474,7890abda-cbf3-4bca-bf0c-484f0638bc29
20,04f2a271-6f16-4669-9d6e-528ff0066b40
76,1269e9d1-52cb-4888-a0aa-0e08aa7f9abe
436,6edb28bb-ebd7-4b5a-9a9e-fcf2da26b7c4
774,c6803ae9-9323-43ab-9213-afd84be7721b
758,c130d1db-2356-4ea5-a41b-406b2d2bf59d
538,87464aaf-e18d-4f4e-8ff1-ce8ba19eaec2
321,52fde5d1-5c39-4824-b18e-cb02d14adc6e
126,1e816471-806d-4a6b-9bcd-f57c7c093ced
282,4aadfdb8-9f93-4d58-8f70-20fd2a35c998
358,5cbd79ae-aab7-4532-8121-e2aefd40716f
11,0302ff05-2b27-4e76-86e3-af7880e95961
870,dcd73312-dc31-47ed-ba30-a8953624bdde
916,e9b95cc6-94e5-4e82-b472-5a397ecadd7f
573,905c8006-196a-41c5-99a4-6872bdae7eae
581,92a83bb1-eaa8-48f0-a23e-a5b797b399e4
22,05d3796f-c53c-4489-90d9-cf2110490308
722,b776cabc-f023-4a14-9bd0-dbf56261070b
556,8be18d63-c41b-4b07-a939-7cfdeda560f9
884,e061c9a7-080b-45fa-b742-eef3c5009f70
532,8645a447-5c9e-4ed6-ab08-cc2dc54696b5
691,b09dab24-86d0-4347-9282-51414bf26a42
190,32adaa25-a2c6-4558-8219-381a46cf7b4b
944,f0dbc5f8-d9ca-44c9-83fe-53e74da2be75
945,f0f2627d-3615-4c04-8885-42cc979647e2
617,9cfc8ff0-8735-4bf9-b71b-ee7205ddf585
375,607bfd42-b449-4d32-9474-9024a1bc1c91
148,22a54ea5-4e8b-488a-b2d2-63fc9301b36c
701,b2a6e579-30e0-478a-a381-cd14b600648f
225,3b9a2b7e-1cc1-4581-8440-f782bfef2322
172,2cfbc499-2e99-46c3-8a71-2b06618caa26
400,674d7330-9e10-4ffd-9550-b97b1de36c78
317,52519f41-2688-45e6-8b7f-544568f86a3e
605,9938540e-2702-465f-9b5f-638901989f01
868,dbc14b37-9a8c-455d-8020-e4797819802f
771,c5a42aac-1f20-463d-8e77-9d89e5e2bbfb
206,389f6701-80a4-4bcf-876a-3c3af1aea7e4
192,32f03aff-0568-4e9e-aafa-c72b5d59f58a
702,b2dba2e7-b61a-4e45-b91e-cb49028f03c7
887,e1601c32-2071-4ce5-8937-c8c4a73189b4
609,9ad52c8f-e84d-4c88-87ea-1b3d49d8cc43
449,71e85a35-9eea-4e9e-9690-8a9f51237292
517,82cbd016-fe64-41be-a370-03dcf55d6d0a
604,993027fd-5cc5-41e7-8f58-b5ab7b48e6e5
897,e3e41ac9-7d83-490c-abd6-38f8a11ba2b2
904,e65c8516-7ade-458f-8962-1b21656f5169
354,5c3550ce-a0d6-42fd-8414-d69e161fc7c1
657,a95e1cf5-f0b5-450a-aaed-c86f3d562217
901,e4934163-476e-43e6-8faf-1d7054402b75
389,64b557da-1e3a-41f1-8362-291dddac3b85
708,b499960e-1300-4cd2-a803-d78236078c01
318,5269d664-0960-474a-a3aa-9016330c2120
67,0f16ce98-0543-4eb9-8020-64705fedc1d6
860,da4f6d95-856d-4ac1-8dce-fdbc741e9b1e
969,f9edc78f-7d49-4cb6-a8af-6a830016f798
262,44a78ac0-701a-43e2-9e65-000aa19e7dc3
349,5a74ccf1-c2e9-4220-a638-6843cdd0defc
960,f68fc63f-c06e-4dc4-b708-9d84c0bc9254
976,fb79e23f-e485-4ac1-bcbd-bfd14f94358c
182,300223e8-0afa-4bc6-9a51-a9e7d3f57ab2
435,6e92c39f-5104-48ca-9380-b4704c0ddbe5
654,a894c30d-3426-4484-b20a-31034166b141
310,5084c53f-03b0-4844-80cb-f8032944b4e4
134,1ff987ae-a581-47a0-822b-130413f12561
561,8ea60a10-23b9-4f26-a942-7c525b2f3482
900,e48b89db-4012-4f32-b5c2-98c0c2486f05
70,1090b991-b792-4e39-9faf-cdbb8a5ec81d
597,97067eb4-d7cc-4d6c-8a3f-5288c6688e9c
421,6c9fc01f-5026-4529-bd29-fe758c79edb2
635,a3253e90-3275-45e2-a43c-afb365f4bd80
843,d4cd591f-6c6b-4ba4-a160-e0e375496a34
340,56d68ed5-aaf7-4536-9482-7154d50161a0
709,b542e9a8-c89f-41c2-92cd-759ec9585832
618,9d4aa93d-7a35-45b6-84ef-195bc0f6f8fd
548,89498ad3-393d-4680-a62c-ca5f1be5faea
677,acc943f1-2767-4817-b3fa-2493e29bd572
941,ef935964-af95-4735-9bc4-7a0447c37534
589,94dc9d2a-aa31-43f6-a2b0-ff2b0ba82a64
741,bc60678f-1f41-4039-88a5-853daa307726
781,c85956e6-af14-4847-8610-02050cc70683
367,5ed2e519-3ab3-481e-a646-22027a39dc36
241,3e7e3c2c-3308-44a2-8e3c-4b6b2698828d
15,03db36a0-af06-4c9c-9835-48b07a77a378
164,2b18408a-0e70-48ba-b732-ea0cf5762cdf
428,6dae0b9e-f0a8-4157-89ef-161f7f0b7588
862,daa64ed9-e016-48ab-8ca8-e356af75cd82
829,d0cea388-a5b2-4cbf-a5ae-74a716f51cf2
627,a0673581-169a-46cf-8a47-24721643644d
154,26bcc3d9-b2d2-4ec4-8a54-0035e84007d7
352,5b972f53-51af-462f-9846-129a4ed559cd
264,44e930a6-d839-4527-8fbf-4dbb3140c508
311,508f18e4-4bd5-4853-92d5-5e28e3c78af1
936,ee92ea0d-37dc-4a36-adcb-4943c55e6c0a
625,9fad6df9-064b-408e-85c8-7dee2f9c5551
551,89e7ac00-b096-4634-95bd-139b732d8218
559,8d1227ea-c768-4328-89cf-7e947265c073
762,c2805702-4080-455c-989e-537a45007ccc
681,adaa0faf-d95c-4821-831e-03b663b6b999
953,f3fd687d-2cbb-4ef3-90ad-cdb8636abc1c
572,905a5a7a-7e03-499e-918a-3d2a21721f51
661,a9fb19f6-898d-46f1-891f-e388cd906014
831,d0ee6586-75b8-4b77-9c4a-f9aff67c3da5
68,0f9b9b72-30ba-4af3-9227-7cb838a80600
116,1c5f997c-ab2d-4d3f-8804-ab0cb32f26d7
193,337e1cac-46e7-4696-ae78-e9f506ce96c7
842,d3f47c5d-f9be-4d6a-b29c-93606e2380fe
965,f97e65df-5fe3-49b1-a7c0-1ca2dae4f379
405,69aa9583-7ab4-4e90-9d89-f7f5bdbedcea
753,c034c697-61b1-4c11-8c77-61749a662bab
75,11d678af-fea7-41ed-b782-a0bc56e3bf3e
811,cdf87418-dfc1-4455-b8e6-f0190ccf75f5
146,21f370aa-4e4b-4256-b287-0a117aa378b9
800,cbe15020-959d-444a-879e-8f5e5305e0fa
890,e206a7da-7b69-4533-81aa-e7874bba1ab6
964,f85b8e2b-d4a3-4564-a30c-2ce3b289c27e
549,895cf872-cf69-4727-b290-79b872f55245
935,ee5556f4-2197-4386-ad7a-454bb35a8bd4
410,6a8e2ef5-ac91-4442-b2cd-885bdb37cc32
123,1dad44f5-33e2-4d72-a1f7-d9fe4b8eea73
98,16fcb1d8-ce61-47ff-a2ee-02a238847027
38,08669c53-1e1e-448a-9266-ead7690a4c67
512,81e49eac-e4c2-42f1-a5a9-42ce9e130b78
889,e1e69087-78c4-4d21-9b2b-e4e63f6038ec
179,2f013e0f-50f8-4043-b077-eb00592375ea
506,8136c029-494c-42f3-86f5-f5330a9c8740
599,97ef1bcb-c0ff-445b-8da8-9b90183065ee
488,7b99a49f-f374-4a8e-9faf-4e73dfad13f8
475,78c8df28-dc9c-4bee-b050-97c1c57bf666
483,7a71f9b1-f3c6-4d0c-955f-76cda3dbdf75
698,b266d0a8-6377-45fc-9f55-5ce24de509a6
56,0cc5e75d-7f7a-4841-a571-a5a56df607ca
105,1904a895-0dc9-456d-8cac-477813e5d9d2
66,0ecb4dc7-baad-48c7-9955-f23a78b4529b
327,54a8c781-394b-42c1-b82e-764c2972b4ba
712,b5a60762-d5d0-4023-986f-79336a09e6d3
704,b36bc46f-f0e5-453d-a4bd-7dbebd41a7da
482,7a27c006-9f5f-4c47-81c1-c6d8f122dcc9
734,bacdf8a0-54a5-4257-bc85-4459ba95f412
452,728f29e2-dc83-4035-98bf-25c93339c324
711,b5a40478-60d8-4bf8-8169-c1515462126e
62,0d429352-b97f-4a33-bb23-fa1d6afb8c63
954,f4354ce7-e6d3-4c8b-bcd4-3997b1a3af1f
272,477c0d26-518f-4236-ab29-f86261331ba2
933,edf1a8bd-f4f0-4b33-8f32-65921b649ec9
680,ad487f8e-4d00-4adc-a82c-ec33613eeb96
763,c2842596-7a8a-443b-ace1-7b200b766243
817,cf174200-a1e5-4b09-9e39-79e1c35a12ef
789,c9e87d8c-21b5-403f-8c7b-b87c0014a9ea
792,ca47d37b-f8d7-4a96-853e-65835d56f1cf
748,be7100b9-4bc8-41ca-9d02-a45af5142707
359,5cebdb13-89c8-4010-8bf6-a9c8affd3594
827,d0c24fbd-5d70-4baf-bc9f-f35db7d1dfdc
1,007e99d3-afe3-418d-b93f-3fc5566e479c
52,0bd68e78-1d6a-4cae-a2f4-410bdf4ec294
699,b28b779b-57c4-4a2a-a085-a2ba02a7b890
669,aab44a96-ce9e-4f13-b302-be45cca7e066
619,9dacb476-fe4e-456a-9491-c63c8c56c32a
718,b6d9f218-2588-4fa5-aec8-656994548b93
290,4cff1449-0d95-4b90-930a-cfbaebff1bd1
398,66505d49-6512-4837-aff0-84b3802a4e79
97,16a6115a-7c60-40d9-b38e-900a6a773267
694,b0e3da63-1cfd-4824-98bf-204662f67e86
258,42e74c0d-527a-4351-853c-91330ab9f7a4
237,3e31e579-dd4d-446c-9184-13f47b77c5b1
892,e30c0109-999e-46f3-ab82-681aa8aa29d7
659,a96e6cd4-3218-41f5-aa42-9a87fbd950b0
357,5cb87d21-fe83-432c-adfd-d092b3fac77c
489,7ba5dd85-c275-411f-b7b9-0a815314bdce
675,aca2e0d2-78be-40dd-b132-a6d3d8db8f3e
966,f9ad3670-0926-45e0-93a1-84f430d7170f
995,ff3afe1b-9a03-42b8-ad48-8b20a988e188
442,6fe93f91-64dc-4d99-a490-391f8de41bb7
168,2c0e16e6-2325-47f5-ae2c-b825405ea5b2
106,19432683-af7a-4e1f-b536-ed44ef8d03ef
416,6b381972-e943-4301-98a7-32ca2c570a59
907,e74c115c-2d92-451d-ba6f-346caef48364
170,2c68abbf-f849-4437-8420-6d3ce665cf93
891,e27a1ce3-75e9-4ed9-9ac0-6bfc90cda650
688,afac6c4e-d1f2-4f78-a3f8-4e95681115cc
946,f10b7052-09c2-4343-9907-f1342f0b4080
27,0700551a-fc57-4571-8224-812b337bc921
777,c76241e9-177f-4cec-85f0-a9ee24cdb3f0
478,793711bc-edda-49d1-a151-2be342b073ac
274,47c7a4fc-513a-4ddf-b2ae-66c2bb8aae8b
476,78d26798-1522-4c62-aa47-b58f4ceb4970
518,82e29dd6-beb0-4127-ab59-be178719d8cb
651,a73889a7-311f-47cc-9b58-0bf150c5e5f7
418,6bca67ec-5213-431f-b319-fcb943296943
997,ff7c3584-1f8d-4438-b71e-d184a26861d4
568,8fc775cd-bb7e-4c2a-8f44-28cd9ac9e3f1
431,6e44384f-d310-403d-bded-3d33d16b3c0c
174,2db5f295-89dc-4208-aa95-937cca27c100
286,4c06cc99-4ca8-4645-ad9f-23764a9012f6
833,d16404a4-7e7c-470b-b773-8336927d6a00
47,0b67a3c0-3aa0-4a9d-8714-8cabe662e9f3
996,ff6d96f6-8f83-484e-a08b-d8a29fa59e51
639,a3d309ab-8e4b-4bd7-8b2f-f8250f3ff629
906,e69bd70a-2dc4-4d60-8971-9808622feff4
13,0347c3d9-1b79-4f7e-ad94-96bd024fcab1
503,806e4dc6-c506-4b42-919c-0943fbb0b0dc
813,ce69c97a-98ea-4d5d-ab00-a20716052ab8
544,88a223e5-11e6-47d8-b55d-10fed43aed92
664,aa5f4400-aac6-4171-ad56-51c869417dc7
315,51deb4d6-edc6-42f0-8b50-273d392c2e2d
650,a7278a32-9c39-4454-8dc2-3b97920469b9
928,ecef1602-f8a4-44a7-a310-e6ee2a0879b0
256,423e8e63-4b50-410a-9fa9-b50c69c6a4e4
917,e9e63922-1ddf-4ddf-af12-37e0c454233f
163,2ad236ef-c5af-4390-8de1-d42ed1042a92
665,aa8502b1-80c1-4a89-b2e8-12a06ffa0c3e
383,63683eee-092f-4d87-b731-8112cfd2610e
10,02620c43-f3a7-4309-8ed2-349417cffa7b
853,d8d85031-1b1b-4678-8614-910659aa7aa8
86,145e68c1-2c2d-4f4c-a665-b2642385012b
325,5411fafd-e83a-4790-abfe-407ad350ce3c
426,6d86884d-45a4-4815-b994-a8318f13c5b9
90,15c77ca7-ea16-4488-a02c-1328b611b7b9
387,6475abdf-8469-4d80-96ed-0e0a4270c87a
634,a2c88bc9-d6bb-48ba-84fd-8f787fb91f3a
491,7c5076d8-6ecb-4d0e-b2c4-b07845d3c8c0
381,6256cad9-a77b-4737-8be4-9ae8b0b0c684
409,69dcaaf8-ca81-49f0-8268-58e668a19452
961,f6e940b2-2f34-4aae-a4a9-833312f2ee67
169,2c58b0c2-4363-4027-8e27-890ec5afb256
537,8700c161-84a3-401c-a44e-84a1e0e67cc5
574,90aca834-48cd-4bcc-bbe2-54d2184cd1b7
855,d955b0f9-d0ce-400d-8284-d1c8df775ab9
801,cbf97545-0d64-4011-83aa-ffa0f687634b
217,3a2048bd-0ffa-468c-a430-aba819a24070
867,db85c7fc-14d3-4af9-8463-22779ec81967
350,5af5efe3-dd5a-4073-8a74-6a060c18ef05
18,0486d6d5-30b8-4d0c-8fc9-050bfe6acaf2
397,664334cf-3d0c-4650-a71d-6357499bcd25
859,da42072c-76d7-413c-8bac-3d84c735bff4
832,d15f9414-4363-4df6-9a59-e4b98dd38063
2,00fb612b-ecbf-4275-b793-9d239d3c6350
433,6e875f6c-65fd-4494-a22d-2804eee514bf
362,5deec192-fc1b-4584-9316-4252315cd906
227,3be089af-7893-4d82-ab5b-2f2a958fc5ad
731,b9e3c481-2bcf-4e12-8f57-3a51bb096fac
28,0715c6a4-18cd-4acb-83ac-2be7efcc821c
77,12716151-8989-4840-b7e1-f18d8d78ff8a
261,4448599a-e1a3-4866-ba40-0c59b111c60d
175,2e11d184-cf5a-4ef5-b1ba-4365b51ad1c0
600,984b0f3b-f0f2-4622-96b8-1a246f84366d
209,39037051-ca6b-416b-8759-22a403e3cb34
757,c1273002-d691-4b5a-b3e2-64793c3c07b1
231,3ce95b8d-a78d-4505-87f6-6bdd14ffd043
26,06ee82dc-070b-46cd-b34b-82feb4895394
91,15f548a0-4054-4310-8a61-3343ac04e2d4
490,7c3822ad-c813-4c93-9687-c411543ecd71
73,116dd009-1f5d-4304-a134-f5fda4cd721c
412,6abccf76-0b52-488b-8a76-bb8909cd2813
265,453b53d3-f75a-4861-90f8-4f16bbf40375
171,2cc88acd-d4f8-465c-92cd-709fdc608274
304,4fdec5a4-abca-49e7-a80b-97d88e4f3b9b
649,a65fc3b3-9246-4c40-9921-a05b9e7818d6
119,1d06c75f-3f13-4438-97ef-513e7cfd0426
529,84ac608c-f32e-4aa9-b44f-549173e0e597
355,5c77e78e-9579-4c0b-96eb-0841a2a61d92
320,52aaff1c-fcb9-4a2b-88eb-73eb07568460
441,6fe3e974-befa-4b64-a3c9-63389edc2246
516,827b5897-87d7-4dec-bba7-f877a2312650
623,9f7eb5f2-e6c1-43b4-adb2-863da73caf58
920,ea3c028f-f58d-4cc9-81b8-d0bbdbd227ca
970,faae143d-5b64-47c4-b676-7d96c3525ef8
756,c1228fb0-e434-4072-97bb-36ba53e4f380
629,a0f296ed-e79a-4cb4-b141-1e5edae3a733
268,467e9eb9-ba6a-41dc-9189-11e5be43bebd
417,6b86892a-0988-4f19-8917-39f91543e961
78,12d219b5-e463-4575-8c72-3438b1950820
430,6e00d354-3d45-41ea-90dc-a9609dda9081
107,19686f52-de9a-4b1e-88fb-e2948d02d385
720,b74d214a-97df-4724-a78b-5658721620cc
242,3e92b8b0-6b03-490d-9073-32edc12434ab
471,77c1ca61-07d1-4099-853d-a35eb67a2038
12,03161c6d-41e6-4321-9e3b-c4c0fb8cb888
292,4d4609da-0a39-4706-ae97-039131e4a533
19,04dca739-7319-495c-9e38-7f70098e8242
707,b43c8f0a-dafd-4d6e-9c7d-bcec9243326a
386,6432b700-a6da-4975-9b5a-5dc2a89eb807
552,8a43157c-0d0e-4fb2-a2ad-712e3a40a5ff
334,55d719d2-37a4-4e2f-8c63-4e162b9eae49
345,59cc07b7-8561-451a-bd75-5773a080e90d
794,ca536036-0935-4425-ab1f-96b222b238a9
816,cedd02bb-09da-4d2b-a117-0c8498df8aa2
173,2d48500a-788d-45ca-8ada-5b1dfd6b8bad
463,76414be0-4b54-4c04-9487-c2c84b304994
805,ccac8ae7-b6b6-4e58-8d9d-f9a640b5bcde
525,84066b4f-e024-44ad-bb8c-d23067a78429
854,d951c950-4378-4a7d-9247-366317784122
109,19bce71d-8162-470d-b5f3-33d53993ea7a
423,6cbb21b2-1ee7-4b2c-97ac-cb0bf2150084
927,ecb8681d-2c88-4f41-8e05-2887c99b3c1c
502,802e0dc1-580a-4be2-8e79-efb16d6a23d3
289,4cd8465d-3b8f-491c-ac85-7b10aa3f8fc9
765,c35b858e-02ec-4b72-9ca7-6ed1a6bd6b08
861,da8c6277-6610-4ae7-9e15-93cb428ba2d5
967,f9c21512-4584-4744-8abd-a688e9489829
839,d357cb86-e9f2-4bd4-95ae-672005a81d6d
987,fdc32da2-fd80-4d6e-ac89-f3f7d3f3ec82
495,7d43af63-1133-4cf0-a072-49e72d11a559
48,0b6b1d25-f281-4108-8415-1991d203e71a
725,b928aa10-da85-4120-b0d7-df2697ce47d3
526,841bdc0c-eb96-41d3-94d9-bea22289c54a
379,6165d100-c8b8-43d9-8f57-65188675e1a5
918,e9ff024b-f2c8-4b47-8a18-f50927fc4c5e
925,ec071cb6-f3cc-489d-a2f4-38b1c3851986
382,6352323e-39a1-45f8-8ead-fabded2e8dd3
14,038c2fa3-6e59-4ec8-afde-8d6c1e2b7d97
700,b29d0ee1-e5e2-4856-9f15-0765262276be
642,a47a109f-8b21-47c9-ab94-369ffda4e749
670,aac38121-7b55-4cef-aac3-7bab34e19fc3
288,4cbc16b6-9195-4e11-a573-8327a51afac2
974,fb56aee3-9914-46fb-9bf0-b1d4303de8ff
496,7dc86661-eb21-4af5-a642-add510b4c352
112,1aeea95a-5f3c-4e30-b1a4-6ddf964731dc
202,36224639-f64c-4417-87e6-e6bca3bb5fcb
184,30c61ff6-2ea0-40c7-97a0-386a0fe2cc9f
754,c03b00c7-01f3-42c7-92f2-cacb1c08e3c6
586,93baa571-6070-44fc-a6d7-8df29d100976
487,7b7dc195-0028-454f-90d6-78429e2cfe67
224,3b1cbc3c-9ea8-49d3-a494-42671b5902ad
977,fb92c4f8-7396-44dd-afeb-5c90e58e1a51
647,a6346863-7ab0-4a66-b2ed-0124da46ed0f
486,7b699f28-d962-4f27-bc8e-4efb48dd3a3c
238,3e367ceb-42d6-4d96-a3dc-4450a8572ffb
984,fd1be963-e839-432c-abcd-8bc9dc2fff9e
80,1338c1b2-b93f-4b77-be92-a1e2754621ae
751,bffeb23e-bf8d-4627-a007-5ad3f2672cd8
141,20da7058-ce00-4d74-9a04-d863cd900cb9
279,49e00b76-f44b-419d-9f66-74761f1a4315
338,56984311-cbd0-47da-b8a1-40b6c07c4afe
385,640d6783-0903-4b34-8028-3fe5ad733fd0
782,c8679f2d-caf2-4932-a934-a945d62789fa
744,bda42786-7d9d-4a9f-9826-d6827eabff0d
477,78d73101-988d-43bb-871e-21aeae74bb89
377,6099eaa8-26ba-4762-855f-2f4a43940b05
25,06a8c708-0cff-4147-bed6-ed3551fb204f
199,35e2963a-1e3e-44e5-9e5d-1e7a741e4784
455,7437251f-5493-4f1b-9431-2e3907b43c2c
628,a09b10e8-185b-4e4a-9694-f4a4c819a0b6
115,1c3b0cda-d0fb-4534-976a-a949e9159ead
767,c38920dd-d41e-44b3-82bb-598ae6a201b9
81,13c65250-b4fa-4f71-9646-fa5050d13864
51,0bce8e07-de30-49e1-8c43-473047c2e3ab
981,fc6c82ac-67d2-45cd-ba01-7ab3b2e76472
802,cc632224-6fac-4db8-9a2d-57ca852ad267
34,07d1c394-f5c1-4cd5-a2fd-550aec8f6948
65,0def5109-1729-4c8f-af36-8e359eea9e27
440,6fda37d7-2045-46a0-b58a-f39d9239e459
195,33f6b3cb-a0e6-46be-bd89-cf4c009ced65
615,9c3cc51f-d71a-43a3-bd72-76f9a4483247
178,2ebf50d5-a045-46c8-aa5b-5e6e78a6fe8d
826,d08dae9c-1194-4163-9836-a275a5b67fc9
721,b76f1cab-60ee-4a8d-b955-a747ad0093b6
413,6ac2742e-69fe-41ee-ad56-19126733754b
329,551438cd-ce7e-49a4-81e2-bd37c148773b
114,1be7a828-9568-4618-b82b-fe972bb1cc31
302,4fbb0924-0c69-4e7a-a458-c724efb64ac9
364,5e85aae1-1174-48d5-82f6-a3997d38b24f
643,a49097c4-280e-4610-94d9-837539a4357f
632,a2160de2-6990-4560-9aa4-e3d9674c784f
139,20749ed8-c9a2-4415-964e-a1957b18ac3e
612,9b3e6c32-c1ca-4d7b-94da-95b01be09b28
459,74c4f2a1-c347-47d5-a7db-4e499c36ba59
384,639f9f00-2d5d-4074-878d-3ccbb0290095
692,b0b63779-d1dc-45b1-a2ee-664331f6b77c
601,986e5dc8-ea64-4054-beaf-92895eb9598c
558,8c5d782d-0073-4f45-bbf7-e8506d3aabf2
439,6f94816a-f88a-47da-9594-b52336c1f7e5
908,e74d065e-b63b-4ff7-92f3-32d6457775cb
360,5ceea1ae-0fc9-4617-bdf0-ce513185f90c
630,a1090e8e-e415-4f42-ac62-f775259ef7cd
575,90b96d93-d0ea-481f-8cbb-349d9cbc6b5a
309,508024f3-c5b2-452d-b240-6e048c7287d0
779,c79bbda2-1b05-49d5-93bb-b50204cc30e1
667,aaac953b-b2fd-46fb-b8dc-010239ecbc09
919,ea1e9b9e-2c5d-404c-a9bc-fae7b9369964
167,2be18fbb-a3d9-47e0-8d7b-93b3b959435e
689,afc35f6b-dfc6-4acc-81d9-89ba1a8c1c69
715,b664d880-0335-47c2-91a3-209f1d1a8957
220,3a90c7bd-f31b-4179-8424-db7005723ad1
914,e8ed402d-7374-4464-a85b-cfe9b16185df
481,7a0e6a75-7e52-454f-8b25-1431073e531b
348,5a430ba6-b2d7-4fd9-93a6-6070dc3b437c
287,4c4e5993-bf00-4482-8418-e400b651f6ce
593,960bca80-054c-4c1a-b8a2-2ebe95238c6c
94,1662adb4-13f7-4c94-8c6f-8522a89b86b6
658,a96d2e50-4cae-46fe-9ab8-709cb9334e83
541,87d4d870-1403-4ca1-bff6-25a2c0f2acfb
31,07793d58-6751-48ab-824e-5378213c692d
249,40d76f36-36a1-4fa3-ae43-826b0cb1c4af
464,76435b0d-2021-4168-b13f-3126cdcd4c52
122,1d9e834a-a493-472e-9640-3c77f6551e58
645,a5e56a91-361a-425f-b3e8-a185f208f8ca
745,bdb4f35f-a5b0-4d06-a302-e01326ab6ee2
36,07ef091b-310b-4046-a541-2ce1588fd2f8
644,a5de5c72-eab2-41c8-aa5b-608ceeccdf3f
39,087c4bc0-c207-43e6-9a40-15f88fd91b3a
531,8644a5bc-16b7-47ec-b480-13e6fd705d28
713,b5eb377f-dfab-4ab5-87fb-efcbfe1f4b2b
730,b9bc0c42-1a00-47a0-853a-da6c1c35307f
825,d08c62a6-f059-41d9-aad3-6eec78dea4ba
323,539b18f3-b84f-4fe8-b34a-35ff698c07d8
883,e021a070-4983-4118-91b3-843022289560
138,206d9f3e-7d1f-4428-8e6a-9e208530aab8
810,cdb67456-d887-439e-9ccf-7db7b457f2bd
522,83a3b193-d98b-41eb-9238-0246a969f918
420,6c25ad41-7e81-4267-8860-a636adaa6893
468,76d34e70-ea55-4e79-8b97-da209b969969
626,9ff1fb17-e609-47d9-9a9a-946d5bfc1813
876,de8a5ed5-1415-401e-8ac7-c7065b69a23f
446,70b7d4b2-b6b6-4423-ab19-198f69897bc8
236,3e2a8fad-0ee7-4fd0-9185-f2140617fa5f
87,14d35af9-6763-472a-b4ca-5f68b4f42cbc
894,e371b665-5cca-40fa-88b0-61d45e114294
755,c04691b7-d96c-4f0f-8f62-6bc5630294ca
100,173911a1-c9d0-4820-bcee-2383cf6e4ca3
473,786643cc-731e-4523-a338-43eff29f4809
30,0746f429-f9e0-4996-9951-8611c7b267d5
7,01ade8f5-bed5-48d4-a4d0-87ce12f3ee66
818,cf3a5be8-c623-4aaa-bedc-c4b732c63f99
93,1628a7f5-fa60-4703-abc5-1b4191a21629
685,ae660809-fa94-4078-8c76-8ace14b57637
92,161aaba8-498b-4737-8d58-7dc1470e18ed
909,e75d8887-fe1d-423e-baf3-038cbe3692c9
21,054f58fb-f0f3-4576-85d7-860b2f528baf
947,f251bbb4-0a80-4c4c-897a-7cc5d1e8c87c
535,86a06f9d-3f64-4f4f-8379-043657ca5b4f
958,f5f28262-738f-439f-a6ea-e7c294d0cc0a
371,5f456fc2-41fd-47af-a74f-0dcde204326c
736,bb9147f1-bba5-49ac-9002-542f618946ad
602,989b2833-ea3b-42ab-99e7-5f44bbf552fa
784,c88c2a3c-cc07-4b69-9257-8ffe254b6937
591,95586f1c-9acb-4a53-98a6-d2abac565e74
462,760f3f3c-5d68-43fd-ba7a-2be05dce4703
980,fc65d494-3ed3-4022-af1b-ee0e27cb31c9
111,1adbcdd1-a77c-4fb7-975a-95e887c07c95
594,96c04515-a1b0-469a-96b0-3035803cd1a1
41,08fd495c-ab63-4c77-9a5a-afb667aabfb7
24,06115442-20bf-4381-9758-15ad015043ff
554,8b391f06-7553-4bea-954d-7a7f206c001b
584,9323a379-a172-4c7b-ba39-7d37beedd4c4
679,ad419e35-6dc5-4cb7-9e9b-6b760ef5a55d
511,81b8bbc5-6093-4bb1-92f1-db607a921b56
102,17e309d6-de7d-476a-907f-ddef3d95513a
445,70a3b69b-b321-4b1e-8f60-79b2a5a655ad
546,89151443-798a-4bd5-a0f9-1dfea4339690
747,be5522ea-5a46-433c-b1d1-89865afec141
881,dfa782f5-32ec-46b3-bdc2-8e2ac6daa0ee
406,69b47e42-13ca-41c7-908a-8a5b7c5223bc
186,31761f03-40de-4303-a545-016f24455ac2
501,7f8dbc5d-dce0-40d2-a538-1465a1baf8c6
505,812c1b67-36e0-42e5-9d6e-d82c92e8f927
788,c9cf179b-5da4-4ef4-bfca-0f66d30021e9
703,b2ff0a5c-b665-46f5-91f5-150532d73f35
342,57e9feb5-818f-4ed4-b7d5-8f870f52c961
492,7c5783b8-31c8-4d87-a6a1-95474c16ebc0
527,84797e28-99d1-4589-8ae8-202396239241
528,849a4950-e0b7-4563-a421-1f94b6bff609
246,4028d9bf-6352-4287-8edb-1bba6be0109d
666,aa8b5283-f24b-48c9-a695-b2b7e5096fd2
896,e3c29872-ad69-46dd-b901-c9959a197ce4
768,c457b54a-a3d4-47ac-9bab-6f6a649bd489
316,5218c9db-7437-4386-855c-06087fbcddd0
336,5604f75a-e1ef-4bb4-94ba-13613dce4e47
103,17fecf9a-9fa1-4ba2-8fbd-fb86d3ed8f33
324,540076ff-e142-4822-8c2c-2a71c940e353
285,4b778541-4e04-4509-ac07-315f2c2eb3d9
923,eb1b0805-950c-44b6-98f4-a3e3ac2267d7
852,d7f3defb-9d2f-4610-a513-bdc775b2b4ac
739,bc32400a-fb88-4e1d-9693-733c3547fe84
346,59d532d7-1562-4cfc-a682-3cbd1f77ecc5
147,21f38fe6-13f0-40d9-b298-be625c262a9c
230,3cc04a1f-188e-47fb-b68d-066d32b7f266
951,f3ab41bd-d7b7-469b-b8ae-18a61512e96d
949,f2e2efa0-b082-4296-aeeb-d689562d818c
991,fe7c676f-eaf8-452a-9278-433c887a17c4
3,01180978-7879-440b-b8c9-c9ca2b056652
856,d96fe72f-29ca-4ba6-b83c-954948773194
135,20199b2b-b4d6-4407-975e-0adc8111c259
205,37e17a6a-54c2-4114-b583-e7a3521c14c3
49,0b993fa1-99f0-4321-ad91-8df8d763bd24
706,b4104a7f-8783-4ada-828a-bb43030609ad
124,1df60509-5470-421b-8e6d-c5f480c4412c
197,35d31257-be81-401c-a5ad-f6d57a70c432
905,e67b1ea0-224c-4edc-99be-550dad52cfad
216,39f4ec3b-b5c8-47a9-8f0b-acced19438a3
959,f66f2e80-a7f9-4718-91c6-543a2ad69a1f
